config,repeat,enc_time_s,dec_time_s,insert_time_s,query+decrypt_time_s,storage_mb
3DES,2.0,0.09613454200007254,0.09306858300017969,0.15201086133553568,0.020249999998971664,0.5546875
AES,2.0,0.03094859700164913,0.024376263664938353,0.06701170866532873,0.007844124998276433,0.5546875
DES,2.0,0.034281680333757926,0.02846873566644111,0.07216445800198319,0.008703305335075129,0.5546875
PLAIN,2.0,0.00016879166408519572,0.00011516633094288409,0.01709616666630609,0.0019035696677747183,0.49609375
